Code,Company,Price,Change,Volume,Value,Capitalisation
AFI,Australian Foundation Investment Company Limited,$8.800,$0.070 / 0.80%,"5,793","$50,878.73","$10,789,075,686"
AMP,AMP Limited,$1.130,-$0.010 / -0.88%,"14,317","$16,434.76","$3,883,357,142"
ANZ,Australia and New Zealand Banking Group Limited,$29.080,$0.090 / 0.31%,"19,540","$568,214.01","$82,549,950,934"
DOW,Downer EDI Limited,$0.000,$0.000 / 0.00%,0,$0.00,$0
MHJ,Michael Hill International Limited,$0.860,-$0.010 / -1.15%,"117,575","$102,238.98","$333,925,422"
WBC,Westpac Banking Corporation,$27.110,$0.050 / 0.18%,"17,633","$478,438.47","$99,455,523,915"
AKL,Auckland Real Estate Trust,$0.790,$0.000 / 0.00%,0,$0.00,"$63,470,299"
DGC,DGL Group Limited,$2.370,-$0.110 / -4.44%,"33,917","$82,067.61","$651,750,000"
CRP,Chatham Rock Phosphate Limited,$0.129,-$0.006 / -4.44%,"2,692",$347.73,"$8,350,212"
TCL,The City of London Investment Trust Plc,$7.820,-$0.030 / -0.38%,"13,505","$105,450.48","$3,492,019,968"
FCT,F&C Investment Trust PLC,$17.450,$0.000 / 0.00%,1,$17.51,"$9,268,110,642"
TEM,Templeton Emerging Markets Investment Trust Plc,$3.700,$0.120 / 3.35%,"37,782","$139,201.46","$4,370,546,024"
BIT,The Bankers Investment Trust Plc,$2.320,$0.000 / 0.00%,"15,341","$35,622.17","$3,051,038,566"
JPG,JPMorgan Global Growth & Income plc,$9.300,$0.043 / 0.46%,567,"$5,273.10","$1,431,635,351"
HFL,Henderson Far East Income Limited,$6.390,$0.000 / 0.00%,62,$396.18,"$965,487,874"
AFT,AFT Pharmaceuticals Limited,$4.200,-$0.020 / -0.47%,"18,611","$78,496.33","$439,651,275"
AGG,Smartshares Global Aggregate Bond ETF,$1.330,$0.002 / 0.15%,"10,000,915","$13,277,900.17","$162,173,058"
AIA,Auckland International Airport Limited,$7.180,-$0.050 / -0.69%,"805,046","$5,756,881.94","$10,573,608,598"
AIR,Air New Zealand Limited (NS),$1.540,$0.005 / 0.33%,"885,766","$1,369,037.84","$1,729,127,468"
ALF,Allied Farmers Limited,$0.630,$0.010 / 1.61%,"9,376","$5,885.59","$18,148,053"
APA,Smartshares Asia Pacific ETF,$2.354,$0.008 / 0.34%,"51,179","$120,389.52","$132,155,269"
PCT,Precinct Properties New Zealand Limited (NS),$1.710,$0.020 / 1.18%,"676,328","$1,156,376.55","$2,527,786,523"
ARG,Argosy Property Limited,$1.650,$0.010 / 0.61%,"1,404,049","$2,319,514.62","$1,390,239,672"
ARV,Arvida Group Limited,$2.090,-$0.010 / -0.48%,"865,473","$1,808,071.78","$1,135,235,457"
ASD,Smartshares Australian Dividend ETF,$1.669,-$0.006 / -0.36%,"8,663","$14,510.24","$32,219,279"
ASF,Smartshares Australian Financials ETF,$7.918,$0.035 / 0.44%,"1,449","$11,434.48","$29,814,976"
ASP,Smartshares Australian Property ETF,$1.644,$0.010 / 0.61%,"7,859","$12,861.29","$66,865,641"
ASR,Smartshares Australian Resources ETF,$5.412,-$0.126 / -2.28%,"76,076","$412,691.78","$43,066,710"
ATM,The a2 Milk Company Limited,$6.050,$0.110 / 1.85%,"1,935,965","$11,703,329.86","$4,498,855,177"
AUS,Smartshares S&P/ASX 200 ETF,$3.114,$0.011 / 0.35%,"1,651,250","$5,141,648.88","$45,815,373"
AGL,Accordant Group Limited,$1.650,$0.030 / 1.85%,"5,136","$8,455.38","$55,783,617"
GXH,Green Cross Health Limited,$1.150,$0.040 / 3.60%,"6,701","$7,707.78","$164,625,673"
BFG,Burger Fuel Group Limited,$0.395,$0.000 / 0.00%,"1,672",$653.39,"$19,883,061"
BGP,Briscoe Group Limited,$6.600,$0.100 / 1.54%,"18,465","$120,700.71","$1,468,871,580"
BGP,Briscoe Group Limited,$6.600,$0.100 / 1.54%,"18,465","$120,700.71","$1,468,871,580"
BLT,Blis Technologies Limited,$0.067,$0.000 / 0.00%,"131,161","$8,631.37","$85,344,707"
BOT,Smartshares Automation and Robotics ETF,$4.736,$0.027 / 0.57%,"17,082","$80,682.14","$51,579,260"
BRM,Barramundi Limited,$1.090,$0.020 / 1.87%,"148,138","$161,035.25","$233,003,510"
BRMWF,Barramundi Limited,$0.335,$0.005 / 1.52%,"188,433","$63,108.20","$17,598,528"
MHM,MHM Automation Limited,$0.620,-$0.020 / -3.13%,"42,699","$26,561.11","$40,683,822"
BRW,Bremworth Limited,$0.660,$0.020 / 3.13%,"93,321","$61,758.04","$45,328,205"
CBD,Cannasouth Limited,$0.400,-$0.010 / -2.44%,"187,770","$75,752.92","$54,112,220"
CEN,Contact Energy Limited,$8.300,$0.120 / 1.47%,"645,502","$5,320,112.78","$6,441,813,181"
CGF,Cooks Global Foods Limited,$0.042,$0.003 / 7.69%,"9,822",$412.52,"$26,369,021"
VHP,Vital Healthcare Property Trust,$3.160,-$0.150 / -4.53%,"2,510,298","$7,980,965.52","$1,655,345,697"
CMO,The Colonial Motor Company Limited,$10.350,-$0.050 / -0.48%,"2,409","$24,972.25","$338,389,441"
CNU,Chorus Limited (NS),$7.180,$0.090 / 1.27%,"218,477","$1,558,937.83","$3,209,638,667"
CO2,Carbon Fund,$1.930,$0.050 / 2.66%,"161,688","$314,583.02","$49,804,024"
GMT,Goodman Property Trust (NS),$2.585,$0.000 / 0.00%,"716,982","$1,853,429.97","$3,612,029,129"
CVT,Comvita Limited,$3.690,$0.040 / 1.10%,"153,603","$563,878.37","$259,713,362"
DGL,Delegat Group Limited,$14.000,-$0.100 / -0.71%,"7,060","$98,062.33","$1,415,822,688"
DIV,Smartshares NZ Dividend ETF,$1.364,$0.000 / 0.00%,"128,464","$174,998.95","$113,085,436"
SPY,Smartpay Holdings Limited,$0.765,$0.000 / 0.00%,"12,492","$9,624.81","$182,287,997"
EBO,Ebos Group Limited,$35.440,-$0.560 / -1.56%,"58,738","$2,108,795.96","$5,818,344,847"
ACE,Ascension Capital Limited,$0.001,$0.000 / 0.00%,0,$0.00,"$1,914,888"
EMF,Smartshares Emerging Markets ETF,$1.500,$0.016 / 1.08%,"46,017","$68,727.55","$162,178,733"
EMG,Smartshares Emerging Markets Equities ESG ETF,$2.502,$0.004 / 0.16%,"3,800","$9,479.14","$38,862,755"
ENS,Enprise Group Limited,$2.450,-$0.050 / -2.00%,"5,230","$12,841.15","$39,586,363"
ERD,EROAD Limited,$6.270,-$0.030 / -0.48%,"37,170","$232,780.33","$608,326,604"
ESG,Smartshares Global Equities ESG ETF,$2.773,$0.010 / 0.36%,"16,698","$46,101.65","$22,877,849"
EUF,Smartshares Europe ETF,$2.009,-$0.001 / -0.05%,"91,598","$183,860.24","$207,069,711"
EUG,Smartshares Europe Equities ESG ETF,$2.855,$0.002 / 0.07%,"7,313","$20,905.60","$41,320,189"
EVO,Evolve Education Group Limited,$0.690,$0.020 / 2.99%,"25,225","$17,383.71","$110,089,144"
FPH,Fisher & Paykel Healthcare Corporation Limited,$33.400,$0.590 / 1.80%,"383,448","$12,671,162.55","$19,253,708,389"
FBU,Fletcher Building Limited,$7.430,$0.060 / 0.81%,"626,361","$4,614,514.31","$6,101,159,501"
FNZ,Smartshares NZ Top 50 ETF,$3.600,$0.011 / 0.31%,"406,233","$1,457,843.28","$808,744,244"
FRE,Freightways Limited,$12.800,$0.000 / 0.00%,"504,078","$6,444,715.21","$2,121,452,109"
FSF,Fonterra Shareholders' Fund (NS),$3.750,$0.000 / 0.00%,"49,995","$186,677.90","$402,821,858"
GBF,Smartshares Global Bond ETF,$3.343,-$0.002 / -0.06%,"359,985","$1,202,950.29","$223,428,128"
GENWB,General Capital Limited,$0.002,$0.000 / 0.00%,0,$0.00,"$645,970"
GEO,Geo Limited,$0.129,$0.004 / 3.20%,"257,486","$32,223.07","$14,664,268"
GFL,Geneva Finance Limited,$0.750,$0.020 / 2.74%,"4,768","$3,504.65","$54,701,456"
GNE,Genesis Energy Limited (NS),$3.380,-$0.010 / -0.29%,"492,410","$1,677,344.03","$3,527,262,040"
FWL,Foley Wines Limited,$1.460,-$0.010 / -0.68%,"8,763","$12,839.89","$95,974,776"
GTK,Gentrack Group Limited,$1.960,-$0.010 / -0.51%,"17,552","$34,641.82","$193,936,753"
THL,Tourism Holdings Limited,$2.400,-$0.020 / -0.83%,"58,628","$140,009.38","$364,566,358"
NTL,New Talisman Gold Mines Limited,$0.003,$0.000 / 0.00%,"2,414,183","$7,242.57","$8,376,676"
HGH,Heartland Group Holdings Limited,$2.300,$0.050 / 2.22%,"373,312","$847,760.08","$1,347,580,040"
HLG,Hallenstein Glasson Holdings Limited,$7.250,$0.050 / 0.69%,"23,855","$173,428.76","$432,455,692"
HMY,Harmoney Corp Limited,$2.000,$0.000 / 0.00%,"27,344","$53,775.49","$201,825,448"
IFT,Infratil Limited,$7.370,-$0.015 / -0.20%,"711,259","$5,253,574.95","$5,328,160,168"
IKE,ikeGPS Group Limited,$1.030,-$0.020 / -1.90%,"10,165","$10,666.25","$157,365,722"
IPL,Investore Property Limited (NS),$2.040,$0.010 / 0.49%,"151,135","$308,288.47","$750,995,467"
JPN,Smartshares Japan Equities ESG ETF,$2.178,-$0.017 / -0.77%,"2,374","$5,191.56","$25,351,572"
JLG,Just Life Group Limited,$0.900,-$0.020 / -2.17%,"2,875","$2,588.60","$87,632,137"
KFL,Kingfish Limited,$2.090,$0.010 / 0.48%,"147,476","$307,623.57","$656,649,873"
CDI,CDL Investments New Zealand Limited,$1.150,-$0.005 / -0.43%,"1,208","$1,389.50","$330,639,976"
KMD,Kathmandu Holdings Limited,$1.350,-$0.030 / -2.17%,"726,583","$989,341.88","$957,151,868"
KPG,Kiwi Property Group Limited,$1.165,$0.000 / 0.00%,"1,942,083","$2,262,622.16","$1,829,160,556"
SNC,Southern Charter Financial Group Limited,$0.008,$0.000 / 0.00%,0,$0.00,"$4,119,156"
SNC,Southern Charter Financial Group Limited,$0.008,$0.000 / 0.00%,0,$0.00,"$4,119,156"
LIC,Livestock Improvement Corporation Limited (NS),$1.300,$0.000 / 0.00%,0,$0.00,"$169,489,349"
LIV,Smartshares Healthcare Innovation ETF,$3.620,-$0.002 / -0.06%,"15,981","$57,938.11","$38,153,642"
PYS,PaySauce Limited,$0.330,$0.005 / 1.54%,"68,775","$22,246.57","$45,686,006"
MCK,Millennium & Copthorne Hotels New Zealand Limited,$2.400,$0.050 / 2.13%,"14,058","$33,302.85","$253,148,983"
MCKPA,Millennium & Copthorne Hotels New Zealand Limited,$2.290,$0.000 / 0.00%,0,$0.00,"$120,773,553"
MDZ,Smartshares NZ Mid Cap ETF,$6.779,$0.026 / 0.39%,"25,538","$172,808.42","$202,289,929"
MEL,Meridian Energy Limited (NS),$5.240,$0.000 / 0.00%,"736,404","$3,841,226.95","$13,425,478,188"
MFB,My Food Bag Group Limited,$1.410,$0.020 / 1.44%,"262,032","$365,957.63","$341,836,909"
MFT,Mainfreight Limited,$96.510,-$2.010 / -2.04%,"122,231","$11,863,674.89","$9,718,416,867"
MLN,Marlin Global Limited,$1.590,$0.060 / 3.92%,"160,399","$248,864.81","$302,513,344"
MLNWE,Marlin Global Limited,$0.242,$0.000 / 0.00%,"66,734","$16,149.62","$11,436,163"
SVR,Savor Limited,$0.540,$0.000 / 0.00%,"4,497","$2,429.00","$33,489,054"
MOV,Move Logistics Group Limited,$1.700,$0.090 / 5.59%,"122,226","$200,576.31","$149,064,299"
MPG,Metro Performance Glass Limited,$0.440,$0.005 / 1.15%,"135,184","$59,233.62","$81,566,358"
MCY,Mercury NZ Limited (NS),$6.670,$0.010 / 0.15%,"910,580","$6,067,840.12","$9,086,547,223"
MWE,Marlborough Wine Estates Group Limited,$0.260,$0.005 / 1.96%,"3,449",$896.74,"$77,208,070"
GEN,General Capital Limited,$0.055,-$0.001 / -1.79%,"21,684","$1,247.41","$8,958,058"
MZY,Smartshares Australian Mid Cap ETF,$9.362,$0.062 / 0.67%,"6,009","$56,105.43","$182,861,149"
APL,Asset Plus Limited,$0.340,$0.000 / 0.00%,"713,982","$242,738.00","$123,324,052"
NGB,Smartshares S&P/NZX NZ Government Bond ETF,$2.382,$0.008 / 0.34%,"1,154","$2,747.08","$91,233,999"
NPF,Smartshares NZ Property ETF,$1.584,-$0.005 / -0.31%,"124,095","$196,718.49","$147,924,609"
NPH,Napier Port Holdings Limited,$3.150,-$0.040 / -1.25%,"70,199","$222,508.35","$629,609,202"
MMH,Marsden Maritime Holdings Limited,$6.440,$0.100 / 1.58%,"1,377","$8,871.24","$265,976,192"
NTLOB,New Talisman Gold Mines Limited,$0.003,$0.000 / 0.00%,0,$0.00,"$51,109"
NWF,NZ Windfarms Limited,$0.275,$0.005 / 1.85%,"214,506","$57,591.04","$79,217,486"
NZA,NZ Automotive Investments Limited,$1.150,$0.000 / 0.00%,193,$221.31,"$52,387,675"
NZB,Smartshares NZ Bond ETF,$3.052,-$0.004 / -0.13%,"122,510","$373,751.74","$318,389,578"
NZC,Smartshares NZ Cash ETF,$2.950,$0.002 / 0.07%,"182,013","$536,665.65","$321,767,450"
BGI,Blackwell Global Holdings Limited,$0.005,$0.000 / 0.00%,"53,192",$266.01,"$2,511,652"
NZG,Smartshares S&P/NZX 50 ETF,$2.838,-$0.003 / -0.11%,"33,090","$94,065.94","$261,946,952"
SMW,SMW Group Limited,$1.000,$0.000 / 0.00%,0,$0.00,"$54,122,884"
NZK,New Zealand King Salmon Investments Limited,$1.450,$0.030 / 2.11%,"22,260","$31,946.31","$201,529,171"
NZL,New Zealand Rural Land Company Limited (NS),$1.100,$0.000 / 0.00%,"123,136","$135,430.93","$86,824,067"
NZM,NZME Limited,$1.000,$0.020 / 2.04%,"111,677","$111,490.11","$197,570,061"
NZO,New Zealand Oil & Gas Limited,$0.415,$0.005 / 1.22%,"4,774","$1,981.56","$68,238,748"
NZR,The New Zealand Refining Company Limited,$0.960,$0.030 / 3.23%,"2,275,396","$2,182,174.40","$300,945,177"
NZX,NZX Limited,$1.830,-$0.010 / -0.54%,"100,862","$183,534.80","$511,647,782"
OCA,Oceania Healthcare Limited,$1.570,$0.000 / 0.00%,"790,999","$1,235,796.65","$1,107,958,199"
OZY,Smartshares Australian Top 20 ETF,$4.372,-$0.007 / -0.16%,"18,869","$82,315.16","$177,093,399"
PCTHA,Precinct Properties New Zealand Limited (NS),$1.210,$0.000 / 0.00%,0,$0.00,"$181,500,000"
PEB,Pacific Edge Limited,$1.420,$0.030 / 2.16%,"507,127","$715,110.63","$1,035,289,197"
PFI,Property for Industry Limited,$3.045,$0.015 / 0.50%,"287,207","$868,321.28","$1,533,092,967"
PLP,Private Land and Property Fund,$1.180,-$0.005 / -0.42%,"5,778","$6,820.83","$85,089,758"
POT,Port of Tauranga Limited,$7.350,-$0.040 / -0.54%,"526,159","$3,800,750.30","$4,999,958,988"
PPH,Pushpay Holdings Limited,$1.770,$0.020 / 1.14%,"858,827","$1,508,247.22","$2,017,017,676"
PHL,Promisia Healthcare Limited,$0.001,$0.000 / 0.00%,0,$0.00,"$21,284,975"
PHL,Promisia Healthcare Limited,$0.001,$0.000 / 0.00%,0,$0.00,"$21,284,975"
QEX,QEX Logistics Limited,$0.285,$0.000 / 0.00%,0,$0.00,"$16,142,586"
RAD,Radius Residential Care Limited,$0.510,-$0.010 / -1.92%,"228,546","$117,629.75","$137,313,975"
RAK,Rakon Limited,$1.060,$0.040 / 3.92%,"425,356","$441,749.75","$242,798,588"
ARB,ArborGen Holdings Limited,$0.305,$0.000 / 0.00%,"79,040","$24,135.89","$152,875,799"
RBD,Restaurant Brands New Zealand Limited,$16.000,$0.000 / 0.00%,"8,949","$143,025.82","$1,996,136,368"
PGW,PGG Wrightson Limited,$3.880,$0.030 / 0.78%,"101,901","$399,353.79","$292,878,242"
MEE,Me Today Limited,$0.082,$0.000 / 0.00%,"216,318","$17,698.86","$57,930,252"
RUA,Rua Bioscience Limited,$0.405,$0.000 / 0.00%,"56,962","$22,977.76","$56,830,171"
RYM,Ryman Healthcare Limited,$15.580,$0.090 / 0.58%,"716,471","$11,101,462.20","$7,790,000,000"
GSH,Good Spirits Hospitality Limited,$0.070,$0.000 / 0.00%,638,$44.66,"$4,041,412"
SAN,Sanford Limited (NS),$5.090,-$0.310 / -5.74%,"146,342","$746,927.38","$475,946,237"
SCL,Scales Corporation Limited,$5.150,$0.000 / 0.00%,"64,061","$328,807.26","$733,333,411"
SCT,Scott Technology Limited,$2.950,$0.000 / 0.00%,"19,557","$57,761.03","$232,064,213"
SCY,Smiths City Group Limited (in receivership),$0.140,$0.000 / 0.00%,0,$0.00,"$7,376,341"
SDL,Solution Dynamics Limited,$3.030,$0.000 / 0.00%,124,$375.72,"$44,358,624"
SEK,Seeka Limited,$5.330,$0.030 / 0.57%,"21,486","$114,493.55","$210,162,827"
SKC,SkyCity Entertainment Group Limited (NS),$3.320,$0.000 / 0.00%,"201,818","$671,498.96","$2,523,881,294"
SKO,Serko Limited,$8.000,$0.000 / 0.00%,"67,502","$539,643.68","$864,298,760"
SKT,Sky Network Television Limited,$0.196,$0.003 / 1.55%,"30,107,653","$5,831,063.98","$342,388,393"
SKL,Skellerup Holdings Limited,$5.500,$0.020 / 0.36%,"170,821","$938,823.92","$1,074,020,101"
SML,Synlait Milk Limited (NS),$3.330,$0.100 / 3.10%,"89,768","$294,160.24","$727,876,931"
PX1,Plexure Group Limited,$0.600,$0.060 / 11.11%,"3,611,542","$2,005,765.67","$104,667,217"
GWC,Goodwood Capital Limited,$0.025,$0.000 / 0.00%,0,$0.00,"$835,245"
SPG,Stride Property Ltd & Stride Investment Management Ltd (NS),$2.680,$0.050 / 1.90%,"1,632,424","$4,361,192.69","$1,268,269,862"
SPN,South Port New Zealand Limited,$9.120,$0.120 / 1.33%,"3,352","$30,568.68","$239,262,270"
SUM,Summerset Group Holdings Limited,$15.400,$0.110 / 0.72%,"172,352","$2,647,505.88","$3,534,321,483"
STU,Steel & Tube Holdings Limited,$1.110,-$0.010 / -0.89%,"440,477","$487,041.83","$184,257,269"
TAH,Third Age Health Services Limited,$2.290,$0.000 / 0.00%,"8,942","$20,306.03","$22,327,500"
SPK,Spark New Zealand Limited,$4.890,$0.000 / 0.00%,"1,118,181","$5,440,875.02","$9,130,241,705"
TNZ,Smartshares NZ Top 10 ETF,$2.185,$0.005 / 0.23%,"49,593","$107,651.88","$170,717,487"
TPW,Trustpower Limited,$7.960,-$0.040 / -0.50%,"17,493","$139,578.70","$2,491,265,080"
TRU,TruScreen Group Limited,$0.064,$0.000 / 0.00%,"451,046","$28,861.65","$23,223,440"
VTL,Vital Limited,$0.670,-$0.020 / -2.90%,"230,323","$157,906.74","$27,725,190"
TGG,T&G Global Limited,$3.000,$0.020 / 0.67%,"11,540","$34,567.12","$367,629,612"
TWF,Smartshares Total World ETF,$3.046,$0.000 / 0.00%,"150,867","$458,647.80","$140,215,163"
TWH,Smartshares Total World (NZD Hedged) ETF,$3.364,$0.010 / 0.30%,"22,954","$77,106.02","$77,169,585"
TWR,Tower Limited,$0.690,$0.000 / 0.00%,"632,524","$436,436.54","$290,936,608"
USA,Smartshares US Equities ESG ETF,$3.048,-$0.011 / -0.36%,"5,302","$16,154.31","$52,857,703"
USF,Smartshares US 500 ETF,$11.763,$0.043 / 0.37%,"38,680","$453,865.96","$431,372,665"
USG,Smartshares US Large Growth ETF,$8.477,$0.003 / 0.04%,"154,877","$1,306,023.39","$185,255,222"
USM,Smartshares US Mid Cap ETF,$6.984,-$0.028 / -0.40%,"12,405","$86,638.77","$102,264,931"
USS,Smartshares US Small Cap ETF,$6.312,$0.004 / 0.06%,"11,526","$73,282.22","$89,148,864"
USV,Smartshares US Large Value ETF,$4.024,$0.012 / 0.30%,"18,909","$75,970.35","$74,195,220"
VCT,Vector Limited (NS),$4.230,$0.020 / 0.48%,"114,218","$479,311.64","$4,230,000,000"
VGL,Vista Group International Limited,$2.420,-$0.030 / -1.22%,"77,952","$188,759.18","$553,731,845"
AFC,AFC Group Holdings Limited,$0.001,$0.000 / 0.00%,0,$0.00,"$3,664,216"
TRA,Turners Automotive Group Limited,$4.460,-$0.020 / -0.45%,"57,531","$257,098.98","$383,868,846"
WDT,Wellington Drive Technologies Limited,$0.125,$0.003 / 2.46%,"502,955","$62,802.77","$53,989,328"
WHS,The Warehouse Group Limited,$3.780,$0.000 / 0.00%,"72,978","$275,300.14","$1,311,066,994"
ZEL,Z Energy Limited,$3.540,$0.010 / 0.28%,"1,018,515","$3,595,493.44","$1,841,284,870"
